id,dbName,size,date,dbSizeGroup
1,isoft,5374,1693119773897,testisoft
2,kauh,18,1693119773898,kauh
3,isoft,7336,1693119774028,isoft
4,prod,86,1693119776108,prod
5,kauh,18,1693718963924,kauh
6,isoft,5374,1693718963924,testisoft
7,isoft,7342,1693718964057,isoft
8,prod,86,1693718964186,prod
9,isoft,5374,1694332909075,testisoft
10,kauh,18,1694332909089,kauh
11,isoft,7347,1694332909203,isoft
12,prod,86,1694332909456,prod
13,prod,86,1694931381624,prod
14,isoft,5375,1694931381736,testisoft
15,isoft,7352,1694931381737,isoft
16,kauh,18,1694931381969,kauh
17,isoft,5375,1695532529337,testisoft
18,kauh,19,1695532529349,kauh
19,prod,86,1695532529363,prod
20,isoft,7389,1695532529652,isoft
21,kauh,19,1696137655913,kauh
22,prod,86,1696137655931,prod
23,isoft,7394,1696137656228,isoft
24,kauh,19,1696744953266,kauh
25,isoft,7399,1696744954159,isoft
26,prod,86,1696744954361,prod
27,kauh,19,1697345850869,kauh
28,prod,86,1697345850892,prod
29,isoft,7404,1697345850931,isoft
30,prod,86,1697951008139,prod
31,kauh,19,1697951008151,kauh
32,isoft,7440,1697951008199,isoft
33,isoft,7449,1698555379548,isoft
34,kauh,19,1698555379567,kauh
35,prod,86,1698555379579,prod
36,prod,86,1699161128859,prod
37,kauh,19,1699161128871,kauh
38,isoft,7454,1699161129040,isoft
39,prod,86,1699768609515,prod
40,kauh,19,1699768609532,kauh
41,isoft,7491,1699768609940,isoft
42,isoft,7491,1699768609940,isoft
43,prod,86,1700370125624,prod
44,kauh,19,1700370125818,kauh
45,isoft,7528,1700370125837,isoft
46,isoft,7541,1700975633551,isoft
47,prod,86,1700975633551,prod
48,kauh,19,1700975633983,kauh
49,prod,86,1701580109139,prod
50,isoft,7546,1701580109460,isoft
51,kauh,19,1701580109489,kauh
52,prod,86,1702186738667,prod
53,isoft,7551,1702186738746,isoft
54,kauh,19,1702186738768,kauh
55,prod,86,1702791065779,prod
56,kauh,19,1702791065843,kauh
57,isoft,7556,1702791066441,isoft
58,isoft,7556,1702791066441,isoft
59,prod,86,1703394454725,prod
60,kauh,19,1703394454745,kauh
61,isoft,7593,1703394454804,isoft
62,kauh,19,1703999784838,kauh
63,isoft,7629,1703999785198,isoft
64,prod,86,1703999785271,prod
65,prod,86,1704603977035,prod
66,isoft,7636,1704603977290,isoft
67,kauh,19,1704603977464,kauh
68,prod,86,1705208908955,prod
69,kauh,19,1705208908976,kauh
70,isoft,7641,1705208909231,isoft
71,prod,86,1705813843610,prod
72,kauh,22,1705813843906,kauh
73,isoft,7646,1705813844007,isoft
74,prod,86,1706419235564,prod
75,kauh,22,1706419235694,kauh
76,isoft,7682,1706419236052,isoft
77,prod,86,1707023284067,prod
78,kauh,22,1707023284080,kauh
79,isoft,7688,1707023284468,isoft
80,isoft,7725,1707631452532,isoft
81,kauh,22,1707631452974,kauh
82,prod,86,1707631453380,prod
83,prod,86,1708232921182,prod
84,kauh,22,1708232921207,kauh
85,isoft,7762,1708232921519,isoft
86,prod,86,1708838724584,prod
87,kauh,22,1708838724598,kauh
88,isoft,7798,1708838724750,isoft
89,kauh,22,1709444196922,kauh
90,prod,86,1709444197067,prod
91,isoft,7804,1709444197251,isoft
92,prod,86,1710048613156,prod
93,kauh,22,1710048613170,kauh
94,isoft,7810,1710048613603,isoft
95,prod,86,1710657415825,prod
96,kauh,22,1710657417267,kauh
97,isoft,7814,1710657417288,isoft
98,prod,86,1711263485913,prod
99,kauh,22,1711263485930,kauh
100,isoft,7820,1711263486051,isoft
101,prod,86,1711868327213,prod
102,isoft,7824,1711868327213,isoft
103,kauh,22,1711868327234,kauh
104,kauh,23,1712471671780,kauh
105,isoft,7827,1712471672319,isoft
106,prod,86,1712471672568,prod
107,kauh,23,1713074090569,kauh
108,isoft,7829,1713074090879,isoft
109,prod,86,1713074091024,prod
110,kauh,23,1713687200430,kauh
111,prod,86,1713687200458,prod
112,isoft,7845,1713687200471,isoft
113,kauh,23,1714281587366,kauh
114,isoft,7850,1714281587697,isoft
115,prod,86,1714281587847,prod
116,kauh,23,1714886074426,kauh
117,prod,86,1714886074724,prod
118,isoft,7854,1714886074783,isoft
119,kauh,23,1715490674695,kauh
120,prod,87,1715490674724,prod
121,isoft,7890,1715490674982,isoft
122,prod,87,1716099557832,prod
123,kauh,23,1716099557831,kauh
124,isoft,7896,1716099557851,isoft
125,kauh,23,1716700354027,kauh
126,prod,87,1716700354060,prod
127,isoft,7965,1716700354308,isoft
128,kauh,23,1717309683013,kauh
129,prod,87,1717309683024,prod
130,isoft,7970,1717309683468,isoft
131,kauh,23,1717998614570,kauh
132,prod,87,1717998614581,prod
133,isoft,8009,1717998614609,isoft
134,kauh,23,1719122455703,kauh
135,isoft,8017,1719122455720,isoft
136,prod,87,1719122455754,prod
137,kauh,23,1719725338199,kauh
138,prod,87,1719725338216,prod
139,isoft,8102,1719725338486,isoft
140,prod,87,1720421366627,prod
141,isoft,8107,1720421366641,isoft
142,kauh,23,1720421366653,kauh
143,kauh,23,1720936578743,kauh
144,prod,87,1720936578761,prod
145,isoft,8113,1720936578967,isoft
146,isoft,8118,1721543192930,isoft
147,kauh,23,1721543192932,kauh
148,prod,87,1721543192957,prod
149,kauh,23,1722147032543,kauh
150,prod,87,1722147032611,prod
151,isoft,8125,1722147032757,isoft
152,kauh,23,1722751662646,kauh
153,isoft,8139,1722751662656,isoft
154,prod,87,1722751662667,prod
155,kauh,23,1723356112834,kauh
156,prod,87,1723356112864,prod
157,isoft,8152,1723356112978,isoft
158,kauh,23,1723960266782,kauh
159,prod,87,1723960266790,prod
160,isoft,8201,1723960266939,isoft
161,kauh,23,1724588272211,kauh
162,prod,87,1724588272236,prod
163,isoft,8206,1724588272675,isoft
164,kauh,23,1725169024503,kauh
165,prod,87,1725169024515,prod
166,isoft,8210,1725169024526,isoft
167,kauh,23,1725775755813,kauh
168,isoft,8214,1725775755826,isoft
169,prod,87,1725775755836,prod
170,kauh,23,1726380596897,kauh
171,isoft,8218,1726380596911,isoft
172,prod,87,1726380596912,prod
173,kauh,23,1726986183486,kauh
174,prod,87,1726986183496,prod
175,isoft,8286,1726986183791,isoft
176,kauh,23,1727590418245,kauh
177,isoft,8291,1727590418255,isoft
178,prod,87,1727590418265,prod
179,kauh,23,1729415370197,kauh
180,prod,87,1729415370209,prod
181,isoft,8337,1729415370251,isoft
182,prod,87,1730006811336,prod
183,kauh,23,1730006811462,kauh
184,isoft,8404,1730006811730,isoft
185,kauh,23,1730611055518,kauh
186,isoft,8408,1730611055532,isoft
187,prod,87,1730611055884,prod
188,kauh,23,1731216039585,kauh
189,prod,87,1731216039606,prod
190,isoft,8413,1731216039795,isoft
191,isoft,8497,1731820811775,isoft
192,kauh,23,1731820811787,kauh
193,prod,87,1731820811878,prod
194,kauh,23,1732424821124,kauh
195,prod,87,1732424821379,prod
196,isoft,8497,1732424821462,isoft
197,isoft,8529,1733115327717,isoft
198,prod,87,1733115327726,prod
199,kauh,23,1733115327867,kauh
200,kauh,23,1733636592032,kauh
201,prod,87,1733636592049,prod
202,isoft,8529,1733636592096,isoft
203,kauh,23,1734337710321,kauh
204,isoft,8561,1734337710445,isoft
205,prod,87,1734337710763,prod
206,kauh,23,1735554451822,kauh
207,prod,87,1735554451846,prod
208,isoft,8561,1735554452022,isoft
209,kauh,23,1736053983319,kauh
210,prod,87,1736053983333,prod
211,isoft,8561,1736053983725,isoft
212,kauh,23,1737263259798,kauh
213,prod,87,1737263259887,prod
214,isoft,8656,1737263259905,isoft
215,kauh,23,1737871415647,kauh
216,prod,87,1737871415683,prod
217,isoft,8657,1737871415985,isoft
218,isoft,8657,1737871415985,isoft
219,kauh,23,1738476805967,kauh
220,isoft,8657,1738476806068,isoft
221,prod,87,1738476806190,prod
222,kauh,23,1739097480892,kauh
223,prod,87,1739097481049,prod
224,isoft,8688,1739097481285,isoft
225,isoft,8689,1739697351839,isoft
226,prod,87,1739697351856,prod
227,kauh,23,1739697351866,kauh
228,prod,88,1740485607408,prod
229,kauh,23,1740485607449,kauh
230,isoft,8689,1740485607844,isoft
231,prod,88,1740907234431,prod
232,kauh,23,1740907234828,kauh
233,isoft,8689,1740907235083,isoft
234,prod,88,1742309189826,prod
235,kauh,23,1742309189849,kauh
236,isoft,8785,1742309191383,isoft
237,isoft,8785,1742900482487,isoft
238,prod,88,1742900482513,prod
239,kauh,24,1742900482532,kauh
240,kauh,24,1743661708976,kauh
241,isoft,8785,1743661709000,isoft
242,prod,88,1743862528685,prod
243,prod,88,1743920260910,prod
244,kauh,24,1743920260923,kauh
245,isoft,8785,1743920260936,isoft
246,prod,88,1744784678280,prod
247,isoft,8816,1744784678308,isoft
248,kauh,24,1744784678316,kauh
249,kauh,24,1745137718877,kauh
250,isoft,8817,1745137719160,isoft
251,prod,88,1745137719287,prod
252,prod,88,1745734635459,prod
253,kauh,24,1745734635477,kauh
254,isoft,8817,1745734635712,isoft
255,prod,88,1746519430475,prod
256,isoft,8817,1746519430490,isoft
257,kauh,24,1746519430502,kauh
258,prod,88,1746943325584,prod
259,kauh,24,1746943325597,kauh
260,isoft,8849,1746943325960,isoft
261,isoft,8916,1747548540617,isoft
262,prod,88,1747548540632,prod
263,kauh,24,1747548540664,kauh
264,prod,88,1748211284931,prod
265,kauh,24,1748211284945,kauh
266,isoft,8920,1748211285031,isoft
267,prod,88,1750141805473,prod
268,kauh,24,1750141805495,kauh
269,isoft,8971,1750141805515,isoft
270,prod,88,1750661036704,prod
271,kauh,24,1750661036720,kauh
272,isoft,8972,1750661036733,isoft
273,prod,88,1751446764546,prod
274,kauh,24,1751446764562,kauh
275,isoft,8972,1751446764842,isoft
276,kauh,24,1751793382613,kauh
277,isoft,9003,1751793382625,isoft
278,prod,88,1751793382737,prod
279,prod,88,1752741874680,prod
280,kauh,24,1752741875912,kauh
281,isoft,9069,1752741875928,isoft
282,prod,88,1752993422509,prod
283,isoft,9069,1752993422525,isoft
284,kauh,24,1752993422525,kauh
285,kauh,24,1753602722909,kauh
286,isoft,9069,1753602722928,isoft
287,prod,88,1753602722941,prod
288,prod,88,1754204063746,prod
289,kauh,24,1754204063759,kauh
290,isoft,9069,1754204064099,isoft
291,kauh,24,1754814712044,kauh
292,isoft,9069,1754814712060,isoft
293,prod,88,1754814712702,prod
294,prod,88,1755412617772,prod
295,kauh,24,1755412617784,kauh
296,isoft,9133,1755412618203,isoft
297,prod,88,1756015468519,prod
298,kauh,24,1756015468536,kauh
299,isoft,9133,1756015468657,isoft
300,kauh,24,1757239454314,kauh
301,prod,88,1757239454325,prod
302,isoft,9165,1757239454540,isoft
303,prod,88,1758090993987,prod
304,kauh,24,1758090994001,kauh
305,isoft,9228,1758090994151,isoft
306,kauh,24,1758434257076,kauh
307,prod,88,1758434257070,prod
308,isoft,9232,1758434257604,isoft
309,isoft,9232,1759040073125,isoft
310,kauh,24,1759040073141,kauh
311,prod,88,1759040073151,prod
312,prod,88,1759646115551,prod
313,kauh,24,1759646115562,kauh
314,isoft,9232,1759646115963,isoft
315,kauh,24,1760265697179,kauh
316,isoft,9232,1760265697190,isoft
317,prod,88,1760265697198,prod
318,prod,88,1760853897013,prod
319,kauh,24,1760853897066,kauh
320,isoft,9232,1760853897386,isoft
321,kauh,24,1761459191191,kauh
322,prod,88,1761459191203,prod
323,isoft,9232,1761459192453,isoft
324,prod,88,1762060150535,prod
325,kauh,24,1762060150571,kauh
326,isoft,9232,1762060150794,isoft
327,isoft,9232,1762675404348,isoft
328,prod,88,1762675404364,prod
329,kauh,24,1762675404375,kauh
330,prod,88,1763275015397,prod
331,kauh,24,1763275015415,kauh
332,isoft,9232,1763275015671,isoft
333,isoft,9264,1763877514387,isoft
334,kauh,24,1763877514401,kauh
335,prod,88,1763877514412,prod
336,kauh,24,1764490563996,kauh
337,prod,88,1764490564055,prod
338,isoft,9264,1764490564255,isoft
339,isoft,9270,1765085479398,isoft
340,prod,88,1765085479480,prod
341,kauh,24,1765085479512,kauh
342,isoft,9275,1765702336961,isoft
343,kauh,24,1765702336973,kauh
344,prod,88,1765702337064,prod
345,prod,89,1766304623165,prod
346,kauh,25,1766304623180,kauh
347,isoft,9278,1766304623312,isoft
348,kauh,25,1766900489633,kauh
349,isoft,9282,1766900489722,isoft
350,prod,89,1766900489777,prod
351,kauh,25,1767512106603,kauh
352,prod,89,1767512106619,prod
353,isoft,9290,1767512106639,isoft
354,prod,89,1768122682125,prod
355,kauh,25,1768122682191,kauh
356,isoft,9295,1768122682295,isoft
357,isoft,9299,1768720281601,isoft
358,prod,89,1768720281612,prod
359,kauh,25,1768720281622,kauh
360,prod,89,1769331592731,prod
361,isoft,9303,1769331592747,isoft
362,kauh,25,1769331592748,kauh
363,prod,89,1769924753488,prod
364,kauh,25,1769924753503,kauh
365,isoft,9307,1769924753812,isoft
366,kauh,25,1770530136506,kauh
367,prod,89,1770530136506,prod
368,isoft,9311,1770530136800,isoft
369,prod,89,1771134942651,prod
370,isoft,9316,1771134944755,isoft
371,kauh,25,1771134945187,kauh
372,prod,89,1771743077604,prod
373,kauh,25,1771743077621,kauh
374,isoft,9353,1771743077892,isoft
375,prod,89,1772358013317,prod
376,kauh,25,1772358013333,kauh
377,isoft,9356,1772358013436,isoft
378,prod,89,1772955492227,prod
379,kauh,25,1772955492239,kauh
380,isoft,9358,1772955492360,isoft
381,kauh,25,1773560761109,kauh
382,prod,89,1773560761248,prod
383,isoft,9361,1773560761431,isoft
384,prod,89,1774334998095,prod
385,kauh,25,1774334998112,kauh
386,isoft,9364,1774334998464,isoft
387,prod,89,1774761906910,prod
388,isoft,9367,1774761907476,isoft
389,kauh,25,1774761908215,kauh
390,prod,89,1775369267050,prod
391,kauh,25,1775369267064,kauh
392,isoft,9372,1775369267265,isoft
393,prod,89,1775974799447,prod
394,kauh,25,1775974799472,kauh
395,isoft,9376,1775974799734,isoft
396,kauh,25,1776575371405,kauh
397,prod,89,1776575371415,prod
398,isoft,9381,1776575371787,isoft
399,kauh,25,1777186491977,kauh
400,prod,89,1777186492148,prod
401,isoft,9386,1777186492440,isoft
402,kauh,25,1777792695427,kauh
403,prod,89,1777792695444,prod
404,isoft,9390,1777792695687,isoft
405,prod,89,1778396654045,prod
406,kauh,25,1778396654056,kauh
407,isoft,9394,1778396654516,isoft
408,kauh,25,1778995695496,kauh
409,isoft,9398,1778995695876,isoft
410,prod,89,1778995695908,prod
411,prod,89,1779599599426,prod
412,kauh,25,1779599599590,kauh
413,isoft,9403,1779599599977,isoft
414,prod,89,1780207132272,prod
415,isoft,9405,1780207132658,isoft
416,kauh,25,1780207132847,kauh
417,prod,89,1780819805677,prod
418,kauh,25,1780819805694,kauh
419,isoft,9409,1780819806138,isoft
420,prod,89,1781423454060,prod
421,kauh,25,1781423454071,kauh
422,isoft,9445,1781423454469,isoft
423,prod,89,1782030204942,prod
424,kauh,25,1782030204965,kauh
425,isoft,9453,1782030205573,isoft
426,kauh,25,1782630897927,kauh
427,prod,89,1782630898051,prod
428,isoft,9549,1782630898414,isoft
429,isoft,9549,1782630898414,isoft
430,prod,89,1783232051249,prod
431,kauh,25,1783232051268,kauh
432,isoft,9555,1783232051515,isoft
433,prod,89,1783851173270,prod
434,kauh,25,1783851173283,kauh
435,isoft,9560,1783851173792,isoft
436,prod,89,1784438222363,prod
437,kauh,25,1784438222409,kauh
438,isoft,9563,1784438222367,isoft
439,isoft,9563,1784438222368,isoft
440,prod,89,1785050383524,prod
441,kauh,25,1785050383533,kauh
442,isoft,9568,1785050384021,isoft
443,prod,89,1785647799443,prod
444,kauh,25,1785647799455,kauh
445,isoft,9573,1785647799926,isoft
